transaction_id,date,merchant_raw,amount
394dbf87-21bc-465e-b565-57cecbde99b7,2026-05-06 04:51:42,TST* Whole Foods #12345,-142.82
7302c99b-6432-48b1-a65a-be3ba5e12e71,2026-05-05 14:38:23,TST* DoorDash SAN FRANCISCO,-45.57
b37105a4-1484-47f7-a5d6-27bbc865cc47,2026-05-04 23:14:34,Alo Yoga #12345,-57.35
069b9ef2-098b-4ff8-8c78-a38f4875e2f4,2026-05-04 00:13:51,DoorDash NY,-24.78
57822a5f-05bb-42e5-9f3e-484eca18a24f,2026-05-03 16:18:31,SQ* DoorDash CA,-44.97
3cfab8f3-4d53-4acd-a9b6-9ef9c6ec4a9a,2026-05-03 15:38:37,PAYPAL *Alo Yoga,-99.79
48e366ab-7aae-4b82-9008-b96cd60be855,2026-05-02 22:20:35,PAYPAL *Uber NY,-15.12
2a354209-025e-4bfe-8dbf-04c4e2621f56,2026-05-02 16:14:12,SQ* Starbucks SAN FRANCISCO,-8.11
d2e38fad-a024-4eb2-aa6a-da31dbc47821,2026-05-01 08:00:00,ACH ELECTRONIC CREDIT DIRECT DEP TECH CORP,10000.0
9953096e-266e-4fb0-a21b-21b06332760b,2026-04-30 11:02:55,Uber NY,-46.83
515d7ba6-38f5-45d8-9242-f9eb7a97b598,2026-04-30 04:31:49,DoorDash NY,-58.59
82b29421-add2-4ec0-8ac9-111fdbbf9d0a,2026-04-29 23:59:49,AMZN MKTP US* Whole Foods SAN FRANCISCO,-131.04
93c5e5c4-fab6-4d8b-9ed4-2d9ff5d6d844,2026-04-29 04:43:30,PAYPAL *Netflix CA,-15.0
9c19c2cc-c20c-4c8b-8736-8a31bc90e95d,2026-04-29 02:46:28,TST* Alo Yoga CA,-116.05
141f9b6f-9601-4851-ba46-c3e21a6ea898,2026-04-29 01:15:33,AMZN MKTP US* Uber CA,-48.68
d4fb9747-a595-497c-b630-86f0bd319685,2026-04-29 01:00:35,Uber,-26.66
91dcfe35-227e-44fc-a8d5-ef9d73169d6c,2026-04-28 17:56:18,Starbucks SAN FRANCISCO,-11.19
5f88ea4f-a5d1-4f31-9c55-0584b693cf8d,2026-04-28 05:13:57,LOEWE,-1038.64
fab3c880-96c4-4281-acb8-d0c100c21711,2026-04-26 07:33:43,SQ* LOEWE,-445.1
0de75a8d-84fa-4479-9326-26b7a1a5230f,2026-04-24 08:43:35,Amazon NY,-33.1
29e107ab-9f81-41b6-b2d0-5a8714079b82,2026-04-24 04:12:26,PAYPAL *Amazon CA,-136.96
5ce3de54-a488-40c4-9cbf-2cae48d70dc0,2026-04-23 09:50:39,AMZN MKTP US* Alo Yoga #12345,-56.47
df014b82-74c6-4044-bfaa-4dce4ce0d7ce,2026-04-21 22:52:11,PAYPAL *Alo Yoga SAN FRANCISCO,-111.94
37accfbe-860a-4cb0-8ef1-96376ed3efb5,2026-04-20 22:05:56,TST* Alo Yoga,-66.65
e616b682-8e06-4bb5-b51f-92ca96e0e7df,2026-04-19 04:56:34,PAYPAL *DoorDash #12345,-43.74
216741fb-806b-410e-b3f8-f6d0516da964,2026-04-17 17:18:37,SQ* Amazon CA,-91.25
ac80131c-905c-45a9-8784-c339fd392542,2026-04-17 00:55:38,PAYPAL *Starbucks SAN FRANCISCO,-7.37
5894f961-afbb-4186-b0bb-13dba2312dab,2026-04-17 00:26:35,PAYPAL *Whole Foods #12345,-118.57
224bef2e-9673-4360-87dc-14922a9921bf,2026-04-16 18:11:20,PAYPAL *Whole Foods,-104.05
e25eb5e0-407d-4f42-aeb3-af6ce512858f,2026-04-16 15:25:31,AMZN MKTP US* LOEWE SAN FRANCISCO,-903.66
73b013d6-da0a-4534-a57f-6e3fff5d179e,2026-04-15 19:41:14,TST* Alo Yoga CA,-91.02
a5beaccf-94b5-4873-98ed-d4d20f9c2298,2026-04-15 00:52:29,PAYPAL *Starbucks #12345,-8.06
6fc86c2e-bd69-46b7-a932-df682566f4ac,2026-04-14 23:05:11,Amazon,-13.96
9f56e5bc-ec5c-49f5-8aa6-b04e51909119,2026-04-14 06:16:10,LOEWE,-594.03
d9a19e49-08b5-41df-98a5-7507996ee198,2026-04-14 03:05:11,PAYPAL *LOEWE SAN FRANCISCO,-698.78
c25f6532-a03c-4b9d-b1f9-aa2747462e2b,2026-04-13 04:17:33,PAYPAL *Amazon NY,-33.47
6e65acf3-948a-4ed4-834a-cef5ca40c9fe,2026-04-12 14:49:32,TST* Starbucks NY,-6.1
eddb676b-de84-48d7-ad78-dd56f61e044a,2026-04-10 20:43:21,AMZN MKTP US* Starbucks SAN FRANCISCO,-9.33
c83450ba-deb6-4ff9-b73e-bff4b0c8667c,2026-04-10 06:31:08,AMZN MKTP US* LOEWE NY,-541.21
9e845851-e931-485b-ace4-f2eb8cca4966,2026-04-09 17:29:06,AMZN MKTP US* DoorDash NY,-57.16
40b50994-cdbc-46d3-927d-900f4c4ddab4,2026-04-08 19:00:28,AMZN MKTP US* Whole Foods #12345,-51.53
55f5ce63-b838-483c-afb2-f56e2e44c67c,2026-04-08 07:31:40,AMZN MKTP US* Airbnb #12345,-378.77
cc43da30-038a-48bb-9e9a-a40c45020f25,2026-04-07 20:14:56,TST* Alo Yoga #12345,-95.15
c4caccb1-58a0-4644-a498-b58be2561ff1,2026-04-06 10:48:32,Uber CA,-36.85
6d9176b7-fb3d-4534-8a06-0ced57a435b6,2026-04-04 10:26:24,PAYPAL *Whole Foods #12345,-141.03
716f7726-4c05-4bf6-aece-22e0512862e0,2026-04-03 06:54:39,PAYPAL *Starbucks NY,-4.95
8071c542-de02-4636-abe1-1032caa63789,2026-04-03 04:20:29,SQ* Starbucks NY,-7.81
c7b7ab0b-00f0-4e46-9480-ac66e3f91c86,2026-04-01 14:49:30,PAYPAL *Starbucks SAN FRANCISCO,-10.57
74fed428-8c32-4e7e-98b7-07dd7fd37f50,2026-04-01 11:30:03,SQ* LOEWE NY,-1484.79
e51be102-54cc-438e-8532-b3a8d03cd0c6,2026-04-01 08:00:00,ACH ELECTRONIC CREDIT DIRECT DEP TECH CORP,10000.0
1ccb29d7-9a48-43c6-8027-321583579af2,2026-04-01 05:11:29,AMZN MKTP US* Airbnb NY,-687.91
c892d08d-1365-40bd-b25e-a5c3acdbc3f8,2026-03-30 06:42:59,Alo Yoga #12345,-87.59
9742a371-3efb-480f-b284-cf2463bc73c8,2026-03-29 21:48:46,TST* Starbucks CA,-5.67
c8e9d19f-ad72-481e-a551-021bb3f19c19,2026-03-29 05:53:06,DoorDash CA,-21.74
4cee3e00-8a6a-4c7e-a506-c5ffde02831a,2026-03-28 07:55:55,SQ* Netflix NY,-15.0
e2a61dd3-9544-4c32-950c-67e6103b7406,2026-03-27 21:00:45,TST* Amazon,-42.07
6b12523c-b129-4859-a023-11b119a65d1c,2026-03-26 23:14:48,AMZN MKTP US* Netflix SAN FRANCISCO,-15.0
2680605e-3a6b-47df-bcab-56153c52602b,2026-03-26 10:10:45,TST* Whole Foods CA,-149.88
f90f497b-65f7-4c70-aeb9-c335b0481fdd,2026-03-26 04:43:18,Airbnb,-979.52
8f62f7f5-2717-4b3c-b09d-9a2c485c83e2,2026-03-23 06:21:03,Whole Foods NY,-103.77
3b47c195-f455-407c-91e5-51cd3ff9d3f7,2026-03-22 18:52:42,TST* Airbnb,-696.43
0094d8bc-19cd-4be1-8902-d053fdd51b78,2026-03-21 16:00:13,PAYPAL *Uber NY,-44.75
f8f2a81e-1797-47fa-aeb9-254c260f73a3,2026-03-21 15:04:20,SQ* Alo Yoga SAN FRANCISCO,-102.68
dc10256a-3251-4ea5-83c5-e05d828f8d7b,2026-03-21 12:08:43,AMZN MKTP US* Netflix CA,-15.0
0baad3c5-b57a-4ade-b2cd-f1b5616db1f9,2026-03-21 09:17:36,AMZN MKTP US* Netflix,-15.0
a759e92d-a80a-4870-95f5-ebcf4fab5dee,2026-03-20 07:43:19,TST* Amazon SAN FRANCISCO,-83.44
7ead0c7a-9e71-480b-97cb-cac008bb9252,2026-03-19 09:09:48,TST* LOEWE,-709.04
a1103f0d-fe76-4fef-8a69-2790be109319,2026-03-17 10:09:44,Airbnb #12345,-494.41
a2b69334-a756-4f36-81ef-844cbf0db1f6,2026-03-17 01:27:12,TST* Starbucks #12345,-4.6
3530f625-d7ac-4298-9a98-ba66227d8627,2026-03-15 14:22:30,SQ* Airbnb,-880.21
60a062f9-b174-4399-8084-7565ff999213,2026-03-15 05:48:15,AMZN MKTP US* Amazon SAN FRANCISCO,-15.08
0b8ffb21-a18c-4ba4-b924-f184e8b50d56,2026-03-14 15:04:34,Uber #12345,-42.01
b834594b-87d0-4f04-93bf-0657fb368530,2026-03-14 13:48:00,SQ* Uber,-49.8
d0d253ee-541b-419f-921b-4c0e002d6093,2026-03-12 14:43:38,TST* Starbucks NY,-10.58
e396fed2-a43b-46f4-9a18-e1d46b32429f,2026-03-12 04:26:37,AMZN MKTP US* LOEWE #12345,-1395.34
1922274c-e2d6-4d8e-9319-20a48e328aa9,2026-03-10 16:56:43,Alo Yoga NY,-70.23
e0b78db9-7a97-4cf4-b434-f0ff254a7a2d,2026-03-10 02:09:43,TST* LOEWE #12345,-587.67
e29c1fe4-188a-4afc-93b1-849c7ecf35eb,2026-03-09 15:37:34,DoorDash SAN FRANCISCO,-35.79
21b70a68-19ba-44fe-8862-50932a0a179e,2026-03-08 21:45:18,AMZN MKTP US* Amazon NY,-85.68
1229e3c3-0e83-4721-b1be-56cb50aaf98b,2026-03-08 10:59:26,AMZN MKTP US* LOEWE #12345,-1422.71
53caf033-7b4c-4862-9af8-5a423db8cfc9,2026-03-08 06:19:30,PAYPAL *Amazon SAN FRANCISCO,-28.4
9c2986ae-0ebd-4408-baa7-cb656292bdba,2026-03-07 13:23:15,PAYPAL *Amazon,-153.52
67730b5e-ee62-4772-b0c0-ecc1183e54c5,2026-03-05 22:47:19,TST* Amazon,-100.26
f456d2c2-37df-4758-9622-8a137914fdc0,2026-03-05 12:34:20,LOEWE NY,-1203.25
54935ace-f370-45d0-b7f2-fe873aa381ab,2026-03-03 05:12:04,PAYPAL *Whole Foods NY,-125.05
a6b2c3e0-cdce-4287-a200-c988be7e029c,2026-03-02 08:06:00,TST* DoorDash #12345,-57.33
089b9014-19c8-4d6d-9668-7b2a77b4d73a,2026-03-02 05:37:16,Netflix NY,-15.0
f4806d77-595a-4469-a1f0-e9e1335ef505,2026-03-01 12:58:18,Amazon NY,-61.34
77a238e3-2815-4d3b-942f-a86d4b751282,2026-03-01 08:00:00,ACH ELECTRONIC CREDIT DIRECT DEP TECH CORP,10000.0
5353ceb0-d90f-4680-b83f-b8867a60bb3f,2026-02-28 06:00:22,AMZN MKTP US* Whole Foods NY,-102.62
07f736d3-2ba4-4404-99fc-cbe1405dd5a7,2026-02-27 00:13:49,AMZN MKTP US* Alo Yoga #12345,-50.03
94cb704e-5cb9-40a4-8b9c-9fdb002c86fe,2026-02-26 21:06:19,Uber NY,-17.97
76a9d5df-22d4-4668-9f6f-645bccfce642,2026-02-25 19:08:14,TST* Uber #12345,-22.23
e52523d2-15c7-4042-9896-8145803a3209,2026-02-25 10:37:43,PAYPAL *Uber NY,-39.1
ff88bd79-2a3b-455f-96a9-7fc87a3ee5b0,2026-02-25 01:25:28,DoorDash NY,-31.82
22788467-f389-4ccd-ad65-da6ec1abd0f9,2026-02-24 02:40:04,SQ* Alo Yoga #12345,-119.22
c802bdc3-a96b-422b-b272-3cbae229c9c3,2026-02-23 20:46:29,PAYPAL *Starbucks CA,-9.3
e5cdb244-4391-4b86-832f-b20a006b04af,2026-02-23 20:31:57,Amazon,-102.33
9dcd77f3-2fb8-45ae-aeeb-3d7b0ab44c90,2026-02-22 08:00:16,SQ* DoorDash CA,-44.38
a850465a-505e-4305-aec7-523091eb210c,2026-02-21 09:51:53,LOEWE SAN FRANCISCO,-460.33
37f430f0-24f7-473c-b067-6eb29ba0bd57,2026-02-21 05:49:06,PAYPAL *DoorDash CA,-21.34
9026b8e6-b594-49c0-87c0-b45fa64d602c,2026-02-20 08:37:44,SQ* Amazon NY,-77.92
d685c03b-e41d-4308-8e6d-620d517b5c08,2026-02-20 03:30:29,TST* LOEWE SAN FRANCISCO,-750.23
5dd421d4-3eda-4299-a6cb-3480aa603fe2,2026-02-17 14:23:57,AMZN MKTP US* DoorDash NY,-46.47
94f8c3c2-bc25-4776-ab22-83c3bdde5c92,2026-02-17 08:43:27,SQ* Amazon,-170.9
6e725874-a377-47f3-b073-a2fb6c89a1a6,2026-02-17 07:52:44,AMZN MKTP US* Amazon NY,-109.21
4d505e80-f8b4-49d8-a608-269268301a41,2026-02-14 18:29:06,TST* Alo Yoga NY,-67.71
a2286181-1832-4e78-a145-ac3e200ea394,2026-02-13 12:04:52,TST* Alo Yoga #12345,-117.03
7da36d94-607d-4d12-8e15-fcaf706e1a4e,2026-02-13 02:35:38,Airbnb #12345,-958.85
4795480b-4fca-4c08-ac7f-92c2e00259c2,2026-02-12 08:15:25,TST* Netflix #12345,-15.0
0bd9960f-35f9-4fac-948e-b81e5d2231be,2026-02-11 06:22:21,PAYPAL *Uber CA,-20.71
c1e30761-efc7-4dd8-a7e5-8aabdce1d727,2026-02-10 03:12:42,PAYPAL *LOEWE SAN FRANCISCO,-1322.57
92ea1bf6-3742-4a26-96b6-bada53ac96e9,2026-02-10 02:46:32,SQ* Alo Yoga CA,-100.58
fb2b0263-3aea-4135-ac31-483d8c1cddbb,2026-02-09 14:38:13,SQ* Whole Foods SAN FRANCISCO,-146.46
615af53c-a0ca-4c9f-b1f1-468fe880bc10,2026-02-09 07:11:47,SQ* Alo Yoga #12345,-54.68
2c6b0c1e-82a3-4ad4-b161-5d87382f827e,2026-02-09 03:50:47,Uber,-17.04
80df2e98-e258-4bec-8650-1023e3704923,2026-02-08 15:05:18,TST* DoorDash SAN FRANCISCO,-53.71
107d45e4-1d3e-4fa4-b4da-e6abee7701ae,2026-02-07 08:23:45,SQ* LOEWE #12345,-722.2
9e495d16-3c9a-4d61-801d-02cdd5d59320,2026-02-07 04:15:44,Uber NY,-44.76
43bff027-509f-4789-982b-5de2efadc135,2026-02-06 17:12:00,SQ* Uber #12345,-46.08
38510b88-c145-4fbc-86b4-7626522d639c,2026-02-06 05:56:34,SQ* Starbucks SAN FRANCISCO,-6.28
3a0a7489-c46d-42c6-8636-81caf66813ca,2026-02-04 22:51:25,AMZN MKTP US* Uber SAN FRANCISCO,-35.84
ac640778-24dd-4786-9ffa-48d7d2830f49,2026-02-04 15:41:15,SQ* Whole Foods #12345,-95.53
02f26cd1-baf3-444a-810a-982668eb341d,2026-02-03 19:26:02,SQ* Airbnb CA,-511.8
5bb7d0c7-b259-4767-aecd-b88f1b37d9fc,2026-02-03 18:13:02,SQ* Amazon SAN FRANCISCO,-199.86
e968e8f2-e886-404b-a403-62baf834d681,2026-02-02 17:46:29,PAYPAL *LOEWE SAN FRANCISCO,-1367.55
dfc528c7-0065-4b5c-8e26-88b23c994f91,2026-02-01 22:18:20,PAYPAL *Uber #12345,-30.1
ddf106d5-ef8b-422b-840e-c7153f5f5033,2026-02-01 21:11:49,SQ* Whole Foods NY,-82.5
c68f9acc-d260-4234-b243-58f9b112dcc1,2026-02-01 08:00:00,ACH ELECTRONIC CREDIT DIRECT DEP TECH CORP,10000.0
38cf8974-da9a-4342-8055-0d45e5fb2a93,2026-01-30 13:27:20,Airbnb #12345,-826.59
d4bd8608-01a5-46d9-96f3-aa5b239aae4d,2026-01-30 04:08:51,PAYPAL *LOEWE SAN FRANCISCO,-490.37
483a7866-ff5b-4fc2-bf81-80daa8c2f18c,2026-01-30 01:01:14,AMZN MKTP US* Whole Foods CA,-55.19
736215d7-dc4c-4c18-be4e-936eba17f1f6,2026-01-29 19:05:21,PAYPAL *Alo Yoga SAN FRANCISCO,-65.14
bbacea4a-f595-4bd1-a60b-df30471f92a8,2026-01-28 07:16:45,PAYPAL *Netflix,-15.0
b85a10e4-ad1d-4120-a14d-59d33ae9d853,2026-01-28 01:23:59,PAYPAL *Whole Foods,-75.28
466b0378-f9d4-44dd-a605-38ada2d36f6b,2026-01-27 14:19:49,TST* Amazon CA,-26.1
8a777785-6fa7-4fa7-907d-e33dbc6a7fae,2026-01-27 02:16:44,Netflix #12345,-15.0
d5f393f5-085c-47a8-954e-6c9a6cc8e38f,2026-01-26 16:41:36,TST* Netflix #12345,-15.0
fb15517f-ee29-450d-bc33-c7fa63b60d54,2026-01-26 16:35:40,PAYPAL *Alo Yoga SAN FRANCISCO,-62.13
adcb1721-8b04-41ec-ab39-79ca053dcbfc,2026-01-25 12:12:31,DoorDash,-55.0
e87e543c-e4eb-401d-a714-36e4804c6b24,2026-01-25 01:51:38,SQ* Amazon SAN FRANCISCO,-49.59
8e0faca6-8a00-4ca4-92a6-9a770658759e,2026-01-23 09:26:52,LOEWE,-1347.49
938ba3f7-1195-4751-afe7-48abac7b0f19,2026-01-23 07:02:37,PAYPAL *Netflix,-15.0
4a6e159c-f399-46b1-9ef0-0bd501accfdd,2026-01-23 05:17:58,TST* Amazon CA,-182.06
ba239b8c-160a-444f-996a-a03acc91a47d,2026-01-22 09:57:26,AMZN MKTP US* Starbucks #12345,-10.46
e76612dc-aea8-43e2-9080-587d64821ffa,2026-01-22 06:49:22,AMZN MKTP US* Starbucks CA,-4.92
a42f204b-7cb0-4798-8d30-3f277c4ff9be,2026-01-21 08:03:16,AMZN MKTP US* Uber SAN FRANCISCO,-30.63
55434777-17a4-4a84-b7d7-f96fe5390d29,2026-01-21 00:52:52,SQ* Alo Yoga NY,-82.45
2be6de66-30ab-45b6-87bb-0e69d5a5701c,2026-01-20 07:44:34,AMZN MKTP US* LOEWE CA,-1217.33
6aea2ad2-b80d-428b-8222-e5b622b5b858,2026-01-19 21:43:04,AMZN MKTP US* Alo Yoga CA,-98.2
421413d6-d840-4502-b75f-ad273bb952eb,2026-01-18 09:20:51,AMZN MKTP US* Netflix NY,-15.0
3d4b7c11-e804-411a-8f57-56300cf43acd,2026-01-17 09:44:07,TST* Uber,-45.83
93ad3c3c-0c29-44d5-9a65-8e4f2a6bea58,2026-01-16 19:15:30,Whole Foods #12345,-121.08
522c35f0-b72d-4a71-9d3f-25f00579c92d,2026-01-16 15:54:59,SQ* Netflix SAN FRANCISCO,-15.0
dc8b8dbf-32b8-4dd2-8eae-2ed003b1e048,2026-01-16 06:34:55,TST* LOEWE,-1213.2
37b8cecb-4e32-471f-a25e-337f9624d0ff,2026-01-14 14:00:45,TST* LOEWE CA,-591.91
e25a8e5a-77e6-4fd9-a6e2-20008e0902c8,2026-01-14 12:52:46,TST* Airbnb SAN FRANCISCO,-435.25
e78c24d2-6e9d-4cd7-a98d-9dd4a89f0f33,2026-01-12 23:51:48,TST* Alo Yoga SAN FRANCISCO,-65.26
393fc27d-069b-4408-be04-fec5d5d9374d,2026-01-12 17:01:34,TST* Airbnb SAN FRANCISCO,-1174.47
be6881e9-3219-45ef-b144-b5f9c8d455ec,2026-01-11 21:57:33,SQ* Alo Yoga,-60.71
13c013c0-7336-4afd-b52d-aa394a55b4a7,2026-01-11 13:22:50,SQ* Starbucks CA,-10.59
6d849d00-b13f-4fa5-aa35-b26cc4596582,2026-01-09 06:51:18,AMZN MKTP US* LOEWE #12345,-873.68
339e2dd9-7a36-46e3-b135-b4abf73970fc,2026-01-07 16:00:28,Netflix CA,-15.0
4cc2f827-8f79-4c51-b508-80f991747a7c,2026-01-07 13:13:22,PAYPAL *Amazon SAN FRANCISCO,-27.19
24f20962-4c23-49c0-8530-6b21c3393113,2026-01-05 13:59:28,SQ* Netflix #12345,-15.0
4d4f7458-eac7-4e32-a805-934b5b4954a1,2026-01-04 20:14:11,TST* Airbnb NY,-414.55
381fd014-e76d-42d7-ad74-f16a0ddad69d,2026-01-04 19:57:00,AMZN MKTP US* DoorDash,-56.24
01c6fb13-5f53-4113-83df-0a7b4e3754cf,2026-01-04 08:44:32,TST* DoorDash #12345,-46.94
d873a562-8336-4ec1-9b69-3aa1c1265e4d,2026-01-03 18:40:37,TST* Starbucks CA,-5.58
446de6c1-c9cb-4a31-83d3-5df2fe3fc344,2026-01-03 10:37:55,TST* Airbnb SAN FRANCISCO,-724.68
40ed604e-2805-4255-93d0-143febb24893,2026-01-03 03:06:07,LOEWE CA,-1169.33
9e9d4d40-f22f-4158-9622-050acb179d4d,2026-01-02 12:54:12,AMZN MKTP US* DoorDash #12345,-42.78
9ce2ff7e-03b4-4cc8-89b6-ddd638874d5b,2026-01-01 22:05:25,SQ* Amazon,-49.03
26d414ea-e709-421d-b0cc-27831cfdf6da,2026-01-01 08:00:00,ACH ELECTRONIC CREDIT DIRECT DEP TECH CORP,10000.0
cd0332a8-a917-4e43-b8cc-eb2272cf68f0,2025-12-31 20:56:39,Whole Foods,-146.4
830cbed9-cc00-4e0b-9e81-b2fc7ed9b7a4,2025-12-28 11:13:11,AMZN MKTP US* Airbnb NY,-426.63
acd63b0c-4361-494c-80ca-c6b27df190de,2025-12-25 22:05:59,AMZN MKTP US* Alo Yoga CA,-98.87
e3342afb-73b8-4287-a8ce-b579bd2b3045,2025-12-25 19:35:20,DoorDash CA,-59.43
3bca88d9-45c5-4cc6-a2d1-74eeb56af2e8,2025-12-23 10:12:41,PAYPAL *Starbucks #12345,-4.22
021ec3a0-57c3-4c5c-9fed-af14331aebdb,2025-12-22 11:01:15,AMZN MKTP US* Airbnb SAN FRANCISCO,-519.81
4f78b11e-4e59-4b3c-b209-ca5cb0c937a2,2025-12-22 10:02:21,TST* Starbucks CA,-7.41
fbd35475-3c3b-4ba5-8c61-3659f08ddc9d,2025-12-21 16:32:50,AMZN MKTP US* DoorDash NY,-37.18
28ed399b-60eb-4ad4-abce-043b1a79bb86,2025-12-21 14:19:37,TST* DoorDash #12345,-33.61
43a83137-554d-49f5-a447-252e688baced,2025-12-20 18:32:45,TST* Alo Yoga CA,-84.69
8d21c4d9-5020-4d7e-9286-efa500d82d24,2025-12-20 03:00:42,SQ* Airbnb #12345,-747.82
f9cbfb8a-d771-4657-874f-bc3079ef11e8,2025-12-20 01:46:21,AMZN MKTP US* Alo Yoga,-101.41
21481282-6580-4e5e-8596-0a7d6fe78cd7,2025-12-19 20:48:29,Uber CA,-29.32
210833b1-22af-42e3-a9d3-58997de07184,2025-12-18 09:35:20,Amazon CA,-159.06
3e8091ce-18a2-4796-bae6-4d1bbb3904cd,2025-12-18 01:14:25,SQ* Netflix #12345,-15.0
2eae4588-9e7c-4d1b-b806-60d54b9fae62,2025-12-17 09:59:57,PAYPAL *Alo Yoga,-74.69
9fe93610-7a8e-452d-8f38-bb5fcd55e73a,2025-12-16 23:48:33,SQ* Alo Yoga CA,-59.96
f11b9fa8-e807-429b-b74f-a8cddf05b235,2025-12-16 17:09:08,SQ* Airbnb CA,-650.75
fd2bdedb-53b9-4901-8871-183ecc16b880,2025-12-16 15:10:12,Whole Foods NY,-88.61
d5946bb6-e839-4879-997d-2bad83e20770,2025-12-16 10:34:37,PAYPAL *Starbucks CA,-7.65
9f28c6da-4d71-48b0-afd0-f642717d73a0,2025-12-16 03:34:07,SQ* LOEWE,-1253.18
e85fff8c-ee5b-449d-a9a9-14fc78a56e75,2025-12-16 03:30:28,TST* Netflix NY,-15.0
8d7a3c29-53d5-4157-a5f9-4ea12d89e828,2025-12-15 12:23:03,SQ* DoorDash #12345,-49.03
ca1d1f9c-5c43-4ec9-8caf-70fcd3569ffd,2025-12-13 16:25:34,SQ* Uber,-33.67
174ac253-0663-4814-a01e-be2129034c6f,2025-12-12 11:55:46,AMZN MKTP US* Uber CA,-43.24
0534eedb-8a01-4c4a-8262-86c9cae48517,2025-12-11 23:01:50,PAYPAL *Uber CA,-47.15
bfc9ea61-0d8c-420e-a1fb-155a2f026727,2025-12-08 10:40:46,PAYPAL *Uber,-31.29
1a0506b9-71e1-4740-b8e3-8b9aed34144f,2025-12-08 04:33:03,TST* Starbucks NY,-8.45
750648e3-2a36-4988-8622-584e63aee28d,2025-12-08 04:17:09,PAYPAL *LOEWE #12345,-470.89
30316051-29cf-42da-b0c2-93870c7aecdb,2025-12-07 13:35:56,PAYPAL *Airbnb #12345,-763.57
45c596a1-9c1b-48e3-bcb3-24d05920a605,2025-12-06 13:32:49,PAYPAL *Amazon SAN FRANCISCO,-172.31
195e0e48-6ec1-4d76-b403-5208c12f92ba,2025-12-04 16:26:24,AMZN MKTP US* Amazon CA,-142.27
f7bc1ccd-5edb-4dba-a679-c6ec8a93b72e,2025-12-04 14:11:11,AMZN MKTP US* Netflix SAN FRANCISCO,-15.0
e16f5f5c-b889-4feb-87f9-b31a2e56cae5,2025-12-04 10:32:49,PAYPAL *DoorDash CA,-46.65
3b372ff4-50b8-46c2-b8a0-078a9f028715,2025-12-03 10:40:01,SQ* Whole Foods,-109.82
87790b87-6d8f-4659-a6ef-4025c4e23777,2025-12-02 14:37:32,TST* Whole Foods,-74.77
83b5f412-6a4d-4fb0-afad-7110a3de474a,2025-12-01 08:00:00,ACH ELECTRONIC CREDIT DIRECT DEP TECH CORP,10000.0
b3864a25-3fa6-4349-a80e-72d36fab5b9c,2025-11-30 14:52:49,TST* Uber,-18.72
690f9e6f-d9cf-460a-89f9-12fa9b6109c0,2025-11-30 13:39:44,PAYPAL *Starbucks SAN FRANCISCO,-9.99
067bed31-3c02-44b6-99e5-864f6e85eed7,2025-11-29 04:16:04,Whole Foods #12345,-100.84
43c5ffa5-dc84-4fca-ae11-c4246e0f7c47,2025-11-27 01:07:02,TST* Amazon NY,-131.8
81c7405f-0ab0-4b72-a1f1-9e3c6ef8f98e,2025-11-26 23:05:21,PAYPAL *Amazon SAN FRANCISCO,-74.06
26f9098f-3106-4b28-9a57-ee603b3e320f,2025-11-26 22:51:18,TST* Starbucks CA,-5.08
ec61e5f5-1d8a-4e50-83c5-ed1a1b8eeb2b,2025-11-26 03:10:21,TST* DoorDash,-27.29
e0b466e8-a3e0-4e3c-b916-b601d147755a,2025-11-25 21:13:48,PAYPAL *Alo Yoga,-104.13
534949e9-3864-4b2b-b111-2c3ed6ace30f,2025-11-25 14:09:23,SQ* Uber #12345,-47.39
7a4f0e08-826e-4bb2-89ed-db7f8255ad40,2025-11-23 03:17:00,Amazon #12345,-114.64
5ed06f11-6604-4483-8448-be1b504f9b93,2025-11-22 19:53:56,AMZN MKTP US* Starbucks,-7.09
ef411195-b96b-4312-b838-8064ae402522,2025-11-22 01:17:06,AMZN MKTP US* Amazon NY,-102.37
96a84057-ec6a-4db4-8866-9693cec55a1c,2025-11-21 08:38:12,AMZN MKTP US* Starbucks #12345,-7.66
50e6ca19-2ae3-4cc2-b609-f0febfd5ff21,2025-11-20 12:15:52,PAYPAL *Amazon #12345,-85.09
70fed186-226c-46e0-8890-08bfd1baf25a,2025-11-19 01:02:26,Starbucks,-10.74
84abc15b-d16f-4b58-b252-b745b4af9bd0,2025-11-18 23:23:35,SQ* Starbucks NY,-10.03
830b0a00-ef3e-4653-a80e-cc9677ab3657,2025-11-18 09:52:56,PAYPAL *Starbucks #12345,-7.78
4d61f4f8-f011-4043-a22b-6391294b410d,2025-11-17 06:53:31,PAYPAL *Airbnb #12345,-448.66
13d43870-ac2d-4204-8688-51e015798603,2025-11-16 19:41:43,Netflix SAN FRANCISCO,-15.0
aafc5813-b4ab-40ed-ba75-37543cd335cf,2025-11-15 03:06:17,SQ* Alo Yoga NY,-82.54
7d114e2a-5db3-44c4-923b-576151b2ecda,2025-11-14 22:58:02,Alo Yoga,-61.88
d7650b78-efb1-4e40-b118-df4f32b6ed30,2025-11-14 09:32:50,TST* Amazon SAN FRANCISCO,-132.83
a090c1fd-2378-4771-9c3b-ccef679e8d42,2025-11-12 07:37:35,AMZN MKTP US* Netflix CA,-15.0
3e49074c-bd47-494f-9ccf-235e1118d9e3,2025-11-11 21:48:55,Uber SAN FRANCISCO,-20.74
ca367830-96d0-4a46-b55a-91975233fc46,2025-11-11 10:01:49,SQ* Alo Yoga CA,-65.29
c1ee6951-d19b-48bb-b70e-7b7d999983cb,2025-11-10 10:15:51,TST* LOEWE CA,-470.23
5d1c16bd-1a01-4fec-a25d-138e349e92bd,2025-11-09 16:25:21,Uber,-30.66
00ed45a5-0d12-40cb-b225-8bca6547e80c,2025-11-09 09:27:55,Alo Yoga CA,-101.94
3530dd7a-0689-4daa-af0b-08a77c771aea,2025-11-09 03:42:54,SQ* Airbnb NY,-457.56
8fdcb005-c3b6-42e2-b465-f7647a37bb9e,2025-11-08 19:16:15,TST* LOEWE #12345,-899.21
0280e42a-d0d8-4e1b-af89-88673bb38da7,2025-11-08 11:26:53,Airbnb NY,-598.42
0d22cde3-b903-4f67-90f9-9c4f6a79bacf,2025-11-08 10:14:24,PAYPAL *Amazon SAN FRANCISCO,-153.06
8c8c9186-6789-4117-9868-ad4fd38dc2db,2025-11-06 18:35:49,SQ* Amazon SAN FRANCISCO,-41.93
cde89653-358c-4cf8-970d-c1881c0c435c,2025-11-06 01:28:38,SQ* Alo Yoga CA,-108.41
792128f9-4781-4a9a-8145-e32e092c54b1,2025-11-05 16:57:01,PAYPAL *Netflix NY,-15.0
1bcf2974-ee1e-4c19-aabe-19d5be58f573,2025-11-05 15:16:14,PAYPAL *Starbucks NY,-7.26
58f23263-96df-4a58-b6ad-603ba29ca6aa,2025-11-04 12:26:26,TST* Alo Yoga #12345,-77.56
40e2dc30-e622-4f63-ad78-987652ed8d12,2025-11-03 18:55:38,TST* DoorDash CA,-32.07
3d2f92e4-0376-43fa-9128-e27d5eefc4e3,2025-11-03 14:48:56,Starbucks CA,-4.59
9bdb3ac2-0858-4087-b2d0-67a17008c7df,2025-11-03 14:03:22,LOEWE CA,-624.59
d6a3cb29-b983-4bbb-8914-8d3926dd2845,2025-11-02 16:04:38,TST* LOEWE,-1090.66
de64b045-9b9a-460a-95d6-d2f89554b087,2025-11-02 07:08:54,PAYPAL *Uber #12345,-44.18
22d05a2d-9a03-419f-a4f0-dd796a4a74cf,2025-11-02 02:25:14,AMZN MKTP US* Amazon SAN FRANCISCO,-194.4
5c958562-9ca6-41ea-87d2-6b3ebaf42d05,2025-11-01 14:32:16,PAYPAL *Whole Foods #12345,-100.49
ca07601e-5c79-4ac6-912b-abe162667ad0,2025-11-01 08:00:00,ACH ELECTRONIC CREDIT DIRECT DEP TECH CORP,10000.0
111ae127-9bca-4252-8061-42fabaab158a,2025-10-31 23:33:41,TST* DoorDash SAN FRANCISCO,-42.85
e66e8bda-3de5-4cc1-90da-aac6600c9237,2025-10-31 20:25:11,PAYPAL *Airbnb CA,-645.31
bc358604-e928-41ae-b010-58cadbfc6dd1,2025-10-31 04:21:17,TST* Netflix,-15.0
816a33bb-8bca-4d85-b9e5-0fa2fff3d180,2025-10-30 09:08:08,Uber,-19.4
eca9865d-4169-44f8-90ac-65ce57bf6aa7,2025-10-29 21:10:19,TST* Alo Yoga,-73.79
79943d75-c0d1-49d5-b64d-8efb43455075,2025-10-29 20:20:48,SQ* Uber SAN FRANCISCO,-22.8
4d202b2e-1679-4090-809f-81a185ffed12,2025-10-29 15:23:50,TST* Alo Yoga NY,-69.1
8d44f87d-d5a0-464f-9c6e-475a1c9d30d7,2025-10-29 05:43:49,Alo Yoga NY,-70.83
4657621b-8b9b-40c4-b02c-df27499bca78,2025-10-28 21:48:39,AMZN MKTP US* Uber SAN FRANCISCO,-40.48
fcf90366-efb7-4a0d-9126-8c342f818304,2025-10-27 22:36:55,DoorDash NY,-31.49
95b53609-ee33-4021-a74f-1803d638d64f,2025-10-26 23:21:24,PAYPAL *Whole Foods CA,-141.78
c8958d48-d5f9-4e82-bc28-ddfee72393e4,2025-10-26 04:45:35,AMZN MKTP US* Whole Foods CA,-62.39
5657528e-5b26-4534-9172-6a88a5e8c9a2,2025-10-26 03:35:55,SQ* Whole Foods #12345,-76.08
9833040d-42db-4a79-a9cf-b5330be587ff,2025-10-26 01:13:34,PAYPAL *Whole Foods #12345,-88.45
51332060-a81f-47f1-a52f-a4b1e8f72645,2025-10-25 06:27:03,SQ* DoorDash NY,-46.6
1405e559-3f75-428d-920c-c1a868029bfc,2025-10-23 19:32:57,AMZN MKTP US* Uber CA,-20.67
5d6a6b42-c533-48dc-8b1c-c6aaa08579fe,2025-10-23 12:03:29,Alo Yoga SAN FRANCISCO,-84.1
775faa6f-3673-469e-bf08-daedae094b29,2025-10-22 23:36:47,AMZN MKTP US* Alo Yoga #12345,-74.06
8f1cb496-316c-4297-9b4d-105e630453c9,2025-10-21 21:46:10,SQ* Amazon SAN FRANCISCO,-194.7
f7ef1994-b9a7-4c24-945b-c4b167d4a2db,2025-10-21 05:07:28,PAYPAL *Alo Yoga NY,-85.28
fee2b1a1-dab2-42d4-ac33-e1b3f4f8219b,2025-10-20 21:41:19,AMZN MKTP US* Amazon NY,-48.25
3a86e756-aee8-4d39-a7ad-b0b14c28ff5b,2025-10-20 06:33:53,PAYPAL *Whole Foods,-109.29
e5e998a7-2aaa-4b51-a877-899ea577bc99,2025-10-19 17:23:10,PAYPAL *Uber SAN FRANCISCO,-49.66
0639286e-b2e2-4348-b082-91df43fbd716,2025-10-19 12:49:24,TST* Netflix CA,-15.0
b8486620-7632-49e7-9abf-338e1c14f7e7,2025-10-19 04:46:42,LOEWE #12345,-1434.82
df8e8395-10c7-4535-a407-3d8e34be1725,2025-10-19 01:43:48,PAYPAL *Alo Yoga,-54.98
8a550608-8977-468a-b4db-d6f267ae9131,2025-10-18 18:50:36,Starbucks NY,-5.71
eb4d4030-c71d-46c6-b306-e5a4953dbda6,2025-10-17 19:19:02,TST* Amazon #12345,-179.56
22feca46-cf64-42db-88fb-34c047f7cc68,2025-10-16 05:28:45,TST* Starbucks,-7.65
ea919d0e-7ea7-42b2-a07c-a0670833c354,2025-10-14 09:34:32,PAYPAL *DoorDash SAN FRANCISCO,-50.62
d4e88c5f-5332-45f5-ab2b-1c8ab8e58f7b,2025-10-13 07:22:51,TST* Whole Foods,-95.06
ba1b7e79-f696-48f3-afac-0dd8a5ed8f45,2025-10-12 02:36:57,SQ* Netflix #12345,-15.0
8edfa8ee-4d8f-4e79-9da3-c77ea4afcf51,2025-10-10 13:56:25,PAYPAL *Netflix #12345,-15.0
e7599ea8-26d4-4167-af23-58a07117f5f9,2025-10-08 07:08:29,TST* LOEWE #12345,-954.1
2aa90fa2-abbf-45e1-bd08-c555b2b2a0e3,2025-10-08 00:40:20,AMZN MKTP US* Netflix NY,-15.0
6f416eb1-a03e-4fd9-80a3-27a797d73708,2025-10-07 23:55:13,TST* Airbnb #12345,-1073.74
1cd6a673-59e3-4083-8ac9-d36be703d015,2025-10-07 15:07:05,TST* Whole Foods,-139.37
117c7f21-81a0-495d-ae17-bb31da6e96fc,2025-10-06 23:00:54,TST* LOEWE,-810.1
63c272b9-d20c-4c1b-a083-a65374a6d7ea,2025-10-05 17:26:36,Whole Foods NY,-56.56
f1b53038-108e-492d-9cbc-c39185437987,2025-10-04 00:57:49,TST* Airbnb CA,-706.06
cc4ff951-21bc-49ff-ab7a-5d62aba3f5a7,2025-10-03 04:07:31,TST* DoorDash,-31.76
46bc1e69-cc0c-4d7a-bf19-5c3acb8de361,2025-10-02 07:39:01,TST* Amazon #12345,-73.18
46e04f98-9079-4ecc-82b3-254bb7cfffb1,2025-10-01 20:34:36,SQ* LOEWE #12345,-1478.14
c5524202-1c77-4038-ad24-37af23da1662,2025-10-01 08:00:00,ACH ELECTRONIC CREDIT DIRECT DEP TECH CORP,10000.0
81a3644c-1b9e-4c3a-a51a-ac44e01c4460,2025-09-30 19:59:34,TST* Netflix,-15.0
999ccf7b-8493-4897-8fab-5e74268bcca0,2025-09-30 16:38:41,AMZN MKTP US* LOEWE SAN FRANCISCO,-1137.43
cb10b7b4-f659-472d-8cb6-bef6aed3abf2,2025-09-28 05:37:23,DoorDash NY,-45.1
778f44c9-b394-4e81-8d85-ba0856f1212a,2025-09-27 22:15:45,PAYPAL *LOEWE,-895.23
15973e04-6d98-43da-8e4b-9a2e738f95ec,2025-09-25 22:32:39,SQ* Whole Foods NY,-106.86
645e6e3b-b241-4c59-acde-070db4b9ae6a,2025-09-23 13:28:58,TST* Alo Yoga,-118.72
4fc08225-3938-499f-800f-fee57fe968a9,2025-09-23 02:48:11,LOEWE #12345,-1322.76
8cff982b-c421-45e7-a71f-9cfd4373c2c8,2025-09-19 13:33:03,AMZN MKTP US* Netflix NY,-15.0
c56c9bc8-8765-4bff-adda-7d8a712da08d,2025-09-19 11:53:38,TST* Airbnb CA,-1023.93
b9b45715-3eb2-48a9-8d0c-37cc76a5d7dd,2025-09-19 08:51:24,SQ* Airbnb,-792.54
654a0aea-6ea0-4965-bc5c-0892d0ed2790,2025-09-18 20:45:56,TST* Uber,-28.86
130f54db-ec5c-420b-992c-17510f92b8f6,2025-09-18 16:55:50,SQ* LOEWE NY,-414.84
3a5191bc-6877-4359-ba8b-87f38fc49004,2025-09-18 01:27:42,AMZN MKTP US* Alo Yoga NY,-60.8
19e565a0-6cb6-451e-b16e-a3d563a9d9b4,2025-09-16 20:50:33,PAYPAL *Starbucks NY,-4.41
2603e2e8-7bcf-44b8-bb2b-f7aa2ffd9383,2025-09-15 10:43:23,Netflix,-15.0
74f3127d-01f7-473a-abdd-948d46786e98,2025-09-15 09:24:05,Netflix NY,-15.0
6fd1cdb7-573d-42da-adcb-941efc4d6f45,2025-09-14 02:49:23,SQ* Airbnb SAN FRANCISCO,-1066.3
03f055c5-62f1-4012-a70d-66851dfa3f15,2025-09-12 22:53:03,Amazon CA,-129.48
74738264-b3e7-4478-8955-9924d0e45e89,2025-09-12 05:49:55,TST* Amazon SAN FRANCISCO,-83.26
9ee57fb5-831d-42dd-bbee-f5a578316aa1,2025-09-11 17:05:36,SQ* Airbnb NY,-653.23
80214ad5-408c-45ed-9db7-96af1e9ded3b,2025-09-11 15:10:17,AMZN MKTP US* LOEWE,-848.1
a1fe6d07-459d-4a2d-ad50-96d77fd9dd6b,2025-09-10 21:36:44,PAYPAL *Netflix SAN FRANCISCO,-15.0
56a8901b-d622-4e5b-baf1-02d432dd79a2,2025-09-10 08:12:55,PAYPAL *DoorDash SAN FRANCISCO,-59.26
8749e20d-f6ad-46c9-a6d9-0d8c39de60f2,2025-09-10 01:49:47,PAYPAL *Airbnb CA,-392.55
2e64adc1-74eb-4edc-866d-28090b809d88,2025-09-09 18:36:11,SQ* LOEWE #12345,-447.92
da172066-7857-42f5-812a-cfe800ce458f,2025-09-09 08:14:03,SQ* Starbucks,-11.07
0fe1293e-c010-4e7d-acfb-f1b549fcd735,2025-09-08 12:33:54,SQ* Whole Foods #12345,-111.29
47efe33d-3846-4925-b03f-4cb5f7a18627,2025-09-08 05:41:01,PAYPAL *LOEWE #12345,-1022.97
9fdc0d59-fc90-4c60-8c0a-ac160d275a00,2025-09-07 18:32:03,LOEWE CA,-1055.63
bbc4c940-28d2-4315-ad21-3738cc5a88e3,2025-09-07 06:54:44,AMZN MKTP US* LOEWE NY,-695.23
d392b7c6-ee38-4f15-932f-2b7053c0126a,2025-09-07 00:25:42,SQ* Amazon SAN FRANCISCO,-34.43
c269be5b-83be-42db-ba99-80c641af67b5,2025-09-06 04:50:04,SQ* LOEWE #12345,-1298.71
2aa7e5c1-8a40-449f-8b12-04e4db0ae2d1,2025-09-05 17:59:08,DoorDash SAN FRANCISCO,-37.96
0f64c088-a27f-4031-9bed-3ef6eb95131a,2025-09-05 12:23:01,PAYPAL *DoorDash SAN FRANCISCO,-33.06
aaf493e4-a6d6-4997-97e0-4514269b336d,2025-09-04 12:47:17,SQ* Whole Foods #12345,-72.19
3d702950-0344-4665-a40d-667ef7c71c42,2025-09-03 14:03:39,TST* Amazon CA,-51.65
07b475be-8975-4ab2-a949-bbe7bce5ccee,2025-09-03 05:05:23,Alo Yoga SAN FRANCISCO,-82.91
3b2f66bf-0f3e-4beb-b041-b3270cf48b46,2025-09-02 23:48:58,TST* Whole Foods SAN FRANCISCO,-59.1
cefaebcc-4b80-4f27-8691-23ae43a16463,2025-09-01 08:00:00,ACH ELECTRONIC CREDIT DIRECT DEP TECH CORP,10000.0
55d4740e-a2a2-48e6-9ca8-8854ee382044,2025-08-31 19:36:12,TST* Amazon,-24.41
191146da-906d-4e49-b156-2a4d60d3f2c9,2025-08-31 05:32:51,TST* Whole Foods #12345,-137.89
553fae3f-db7d-48e7-a18a-292ba23741e5,2025-08-30 17:00:16,Whole Foods CA,-133.35
b851d9de-4b33-4b93-b2c8-673f068a8acc,2025-08-30 14:32:53,DoorDash CA,-53.37
889443bf-bcb1-4095-8d55-17bb3d7d18f7,2025-08-30 01:10:16,SQ* Whole Foods SAN FRANCISCO,-126.21
9ce63bcf-1c0e-4cae-ab00-f69a8fdc18b8,2025-08-28 19:14:38,PAYPAL *Alo Yoga CA,-67.87
0eabcb23-4967-4e87-b22c-74d182ab0026,2025-08-28 14:49:27,PAYPAL *Airbnb CA,-732.8
13c98c48-89f4-4579-92a2-d982b4730a87,2025-08-27 20:22:51,PAYPAL *Uber SAN FRANCISCO,-45.74
86b41982-3cf1-4fa0-86a3-9fad90d8aa9a,2025-08-27 17:59:32,Whole Foods,-125.67
69fed947-0640-4f21-9869-d4d0eac56ffe,2025-08-27 12:26:19,AMZN MKTP US* LOEWE #12345,-691.89
6a3b8a41-92dc-4b32-98a0-3ad0ec5c2ebc,2025-08-25 07:53:25,SQ* Starbucks #12345,-9.61
e0c72ac5-f994-410e-bb64-3781cef91f12,2025-08-24 07:38:23,TST* Amazon,-36.14
df7bb3f7-f65e-42b3-a17c-9b96b7235f55,2025-08-23 18:22:14,TST* DoorDash NY,-40.71
469d8054-878a-47bf-9267-a54f470a725e,2025-08-23 16:26:56,PAYPAL *Whole Foods #12345,-148.14
68187cad-f89e-4667-8a9b-0c987bb23fa7,2025-08-22 19:23:32,SQ* Amazon SAN FRANCISCO,-98.6
54660749-ef47-4980-a0a9-74734165c434,2025-08-21 21:13:36,TST* Whole Foods #12345,-110.34
23a387f3-f08f-4d0d-88a7-c4c86297d30b,2025-08-21 13:06:20,TST* Starbucks SAN FRANCISCO,-7.06
242d50fd-6fd4-4059-9f8a-69e3a4cca853,2025-08-20 07:52:01,AMZN MKTP US* Airbnb CA,-428.77
e26004e0-99b8-4c04-812c-70e3dbc1d630,2025-08-20 01:45:38,SQ* Whole Foods,-148.9
4a56b2b9-bf6e-4f1e-8c6d-3ef2b092f07b,2025-08-17 16:12:20,PAYPAL *Whole Foods,-52.55
5d3c020b-27ec-4f19-81da-2edd1fd685df,2025-08-16 19:22:43,PAYPAL *Airbnb NY,-703.76
fde80686-96bb-490f-aa1d-a17f24b819fe,2025-08-15 06:02:06,AMZN MKTP US* Whole Foods NY,-62.54
10132ccd-7ac6-49c0-8fec-954e103af1cd,2025-08-14 01:28:00,Uber,-39.89
c83402e2-14f5-48e1-9b95-e8aa545204dd,2025-08-13 03:40:23,PAYPAL *LOEWE NY,-928.32
18863257-fdd6-4465-aec1-d7a77b434e44,2025-08-12 19:55:27,PAYPAL *Airbnb,-323.46
be5666c5-171a-455b-8d99-249c9a69fff4,2025-08-12 04:50:02,TST* Airbnb NY,-844.11
21fae550-3ffe-4394-97c1-e6fc32bdf57e,2025-08-11 23:24:43,Starbucks CA,-8.99
90250d03-8de7-4570-8587-a03aa4a2baed,2025-08-11 16:02:43,TST* Airbnb #12345,-760.52
42cf31d7-edcc-4205-ab59-d7e8f931ebf6,2025-08-11 11:24:41,AMZN MKTP US* Whole Foods,-55.91
7a4ee323-7107-4bd8-888f-899ff18bc212,2025-08-09 02:34:18,Starbucks SAN FRANCISCO,-5.2
a49a8588-ea3f-46d7-b3bc-2fa6f8daa0be,2025-08-08 18:41:36,Starbucks SAN FRANCISCO,-8.23
e3aff3d0-1c70-4975-b107-8520655dae2a,2025-08-08 13:09:49,TST* DoorDash,-30.75
26f088cf-9f41-4d86-825c-cfe8c5af08ab,2025-08-08 12:02:11,SQ* Airbnb NY,-759.51
4670cfd0-2a60-4690-9fca-cad1030de87f,2025-08-08 07:42:57,AMZN MKTP US* Whole Foods NY,-149.57
b77b1df1-c9cc-4410-b728-3c8e300e9135,2025-08-07 21:54:49,AMZN MKTP US* Alo Yoga SAN FRANCISCO,-74.28
0a3e5a5d-edf4-42a5-b68b-637d269b9d0f,2025-08-04 09:42:54,Alo Yoga #12345,-100.19
171a0f27-58a0-4722-942e-5b65493c8b0f,2025-08-04 06:58:53,TST* Alo Yoga #12345,-74.43
3e34cc62-fe4c-433b-b931-a9daf288d7bc,2025-08-04 02:38:18,SQ* Amazon CA,-46.2
294ca0d1-4fd0-49ad-bf1a-2a2190d1d42a,2025-08-03 09:37:43,Airbnb #12345,-909.64
14591148-d995-40d9-bf84-d068f57d49f9,2025-08-03 02:44:17,PAYPAL *Alo Yoga SAN FRANCISCO,-54.59
fe680859-121e-4f3e-9cbb-77161e8cc0bd,2025-08-01 09:35:46,PAYPAL *LOEWE #12345,-1125.68
b2ccd7a1-e162-4e95-a273-441c446bde63,2025-08-01 08:00:00,ACH ELECTRONIC CREDIT DIRECT DEP TECH CORP,10000.0
e539e2eb-d152-4fe9-aafb-159bf561464d,2025-07-30 05:16:28,AMZN MKTP US* Whole Foods,-149.39
fccf78c2-940e-4bd6-a46e-a79b155d433c,2025-07-28 21:04:59,SQ* LOEWE SAN FRANCISCO,-1069.33
0267937b-9017-41ba-b428-ae740f0484cb,2025-07-27 02:40:13,SQ* LOEWE #12345,-1462.58
94164fdc-a826-4932-af4c-edc5b5cc4104,2025-07-26 12:17:33,TST* Alo Yoga #12345,-97.1
122e8bdc-145f-44f2-a6f3-694564ab8388,2025-07-24 00:04:27,PAYPAL *Uber,-28.89
f9bbfbf7-e50d-40c9-807a-caae5c353979,2025-07-23 01:52:09,AMZN MKTP US* Airbnb SAN FRANCISCO,-305.8
87cfaebd-3daa-4fc4-ae12-b209958aa77a,2025-07-21 03:58:37,PAYPAL *DoorDash #12345,-32.15
87c32da3-b1fa-4cbb-a84c-73550a1733f5,2025-07-19 20:16:30,AMZN MKTP US* Whole Foods,-148.24
a4a88ef4-dd92-4624-92df-ac4e87b8df8d,2025-07-19 16:51:07,PAYPAL *Uber,-24.71
7be81471-f623-4430-8ef9-e81be4460efd,2025-07-18 20:41:05,Starbucks #12345,-10.13
0471121b-2b42-4935-a7e4-37142a0a90a6,2025-07-17 20:50:44,TST* DoorDash NY,-52.31
6205cfd5-6dd8-4ffc-b266-08486993f9cc,2025-07-17 13:10:04,AMZN MKTP US* LOEWE,-1113.05
3a55db0f-ffd8-43de-b926-5aee6aacf6dc,2025-07-17 02:39:58,AMZN MKTP US* DoorDash NY,-54.61
e05413ca-4291-45b5-ac72-c8bafd95c027,2025-07-16 06:38:55,Netflix CA,-15.0
abf4da0a-6883-4b0b-b79c-29358e79c809,2025-07-15 02:33:13,AMZN MKTP US* Netflix #12345,-15.0
9b890a81-63c8-4131-9c9b-b923d92c9700,2025-07-15 02:04:50,Starbucks NY,-11.38
13e35656-c624-46c2-86e0-890c7dfbc587,2025-07-13 19:59:26,SQ* LOEWE #12345,-1343.05
85e14e17-67ab-4ad2-898c-5a3dfde1d46a,2025-07-13 04:00:56,PAYPAL *Airbnb #12345,-384.35
643c9cae-1a64-4e12-88db-cd580620dce1,2025-07-12 17:10:40,AMZN MKTP US* Amazon NY,-89.77
a39e6ae0-df00-4f9b-a2af-728bb2506d49,2025-07-12 11:13:52,AMZN MKTP US* Airbnb #12345,-834.55
e7a03c84-bfc1-436a-bf16-aeb61a25907a,2025-07-12 08:02:34,AMZN MKTP US* Whole Foods SAN FRANCISCO,-53.89
1f890bf2-902a-49bd-acad-5f8f1421a852,2025-07-11 04:58:12,PAYPAL *Whole Foods CA,-61.82
35d3a2e3-380b-44f2-9738-aed55d4f974f,2025-07-10 04:10:36,PAYPAL *DoorDash CA,-29.14
23d2a599-23ed-4c43-bf83-78298b1a851e,2025-07-08 06:56:25,SQ* Uber,-40.12
0d565f0d-3e6f-44ee-bdf3-9f57ecd29422,2025-07-08 05:39:19,SQ* Starbucks,-8.57
292c1194-d3ea-4a4d-acbb-eaa23ecdd1e5,2025-07-08 02:00:54,Airbnb CA,-1043.66
e69243dc-f0c1-40f4-90d8-14c09d5ab72e,2025-07-07 11:18:46,PAYPAL *Airbnb,-1162.12
df5bce38-96eb-4926-a8d8-63410f439da6,2025-07-07 09:59:41,TST* Alo Yoga CA,-96.93
879bbd21-bb17-4531-b51a-187ab3cb4b1e,2025-07-07 07:17:04,Starbucks SAN FRANCISCO,-4.39
e3737fe8-7cdd-4bb2-a475-963ea1bfa864,2025-07-06 19:59:20,PAYPAL *Alo Yoga CA,-95.35
62a1786e-6653-4b95-8981-bbfee685704a,2025-07-06 16:39:05,SQ* Whole Foods CA,-52.51
ce4bfd1b-241e-49cc-9369-e6379296cbeb,2025-07-06 07:59:47,SQ* Netflix NY,-15.0
81bb1f6e-36f2-4e57-b533-f220d303a277,2025-07-06 04:40:35,PAYPAL *DoorDash SAN FRANCISCO,-43.44
08f50e5a-7ce0-4086-9bc1-146cec80a548,2025-07-05 21:56:48,TST* Netflix,-15.0
6cad891d-c24c-48b4-8744-ddcd58ff1964,2025-07-04 19:01:26,PAYPAL *Whole Foods CA,-88.58
0e608e06-5911-4710-80e1-48c010ec1d54,2025-07-04 05:12:08,SQ* Uber CA,-49.65
dea31b62-530c-408b-b7ee-e70655f5e193,2025-07-02 22:19:46,AMZN MKTP US* Airbnb,-786.78
0e8e610b-cab8-4c7a-897b-ab843345f518,2025-07-02 17:19:59,Netflix SAN FRANCISCO,-15.0
a4e25244-a81f-40dc-8ff5-56f9440b2645,2025-07-02 10:37:56,Alo Yoga SAN FRANCISCO,-63.13
2df2cdbe-38a4-49c3-8ff8-0a355ba78445,2025-07-02 00:27:28,TST* Uber,-17.92
f05e1d78-83bc-40a7-9364-9b560cb426bb,2025-07-01 19:45:13,PAYPAL *Netflix #12345,-15.0
3e9102c5-60be-425c-8b31-8c0bcc1fd700,2025-07-01 08:00:00,ACH ELECTRONIC CREDIT DIRECT DEP TECH CORP,10000.0
11008213-90de-43c4-8d85-9c51c1720995,2025-06-30 20:31:50,Netflix CA,-15.0
6c9b0f54-6640-4ec5-876f-5a574cb09c5b,2025-06-30 19:56:15,PAYPAL *Alo Yoga #12345,-113.66
c3e0e370-04a6-4f0c-97ce-d38977e0acac,2025-06-30 13:15:51,SQ* DoorDash #12345,-26.52
0f9a7fa9-8c21-4f33-86b5-cc1a8ca0c9a4,2025-06-29 21:03:09,SQ* Uber CA,-47.69
52c982fa-e2a9-44d9-add1-18d3d2e029e4,2025-06-29 18:51:18,AMZN MKTP US* Amazon SAN FRANCISCO,-165.42
fa7e6d34-6171-42f1-9f85-371733a04f84,2025-06-29 04:50:13,Airbnb CA,-676.71
0ce25b15-ce3f-4393-9483-136f5299be5c,2025-06-29 04:27:11,PAYPAL *Alo Yoga SAN FRANCISCO,-85.24
b730e161-1d0e-4cc6-a0d1-80120b70a558,2025-06-28 13:59:35,SQ* LOEWE SAN FRANCISCO,-600.66
0597e947-ec81-4ecd-8e21-76a463125038,2025-06-28 11:27:36,TST* Whole Foods SAN FRANCISCO,-142.24
b5ede3de-2bcd-45e9-9913-5199267a3c76,2025-06-28 07:12:50,PAYPAL *Alo Yoga #12345,-112.35
f32b4288-8430-42ba-9d39-675c080b3386,2025-06-27 19:49:10,SQ* Whole Foods NY,-136.41
8ec0b2e2-ad72-4346-951d-a5a2aaed7edd,2025-06-25 01:44:00,AMZN MKTP US* Netflix NY,-15.0
35be7270-a3d6-4dce-b61d-c831b81e37f4,2025-06-24 12:46:29,PAYPAL *Netflix CA,-15.0
db495e3c-42cb-4c75-90d7-be577894a61c,2025-06-24 04:09:25,AMZN MKTP US* DoorDash CA,-56.44
63a15d6e-b66f-4522-8e44-30856edb2f6c,2025-06-22 22:38:48,AMZN MKTP US* LOEWE NY,-1257.65
3089d0b2-89a5-46a0-8403-c41f3449746e,2025-06-22 15:31:26,PAYPAL *Starbucks SAN FRANCISCO,-9.45
93a3adbf-e0db-48ce-b4ef-72466f43e05b,2025-06-22 10:27:39,AMZN MKTP US* Whole Foods,-138.21
90dcdbed-6921-40bd-9c47-9ef293d60209,2025-06-21 08:57:29,AMZN MKTP US* Starbucks CA,-11.29
057e5805-de50-4338-9605-22442a1ccda3,2025-06-21 02:54:16,AMZN MKTP US* Amazon SAN FRANCISCO,-194.45
3be30854-db6b-434b-87f5-37b300ab5935,2025-06-20 15:01:25,AMZN MKTP US* Uber,-46.46
de7f324e-9886-4d34-85f2-db30118a3208,2025-06-19 21:47:20,AMZN MKTP US* DoorDash CA,-37.95
2c82c009-6107-4061-b856-b60d1923d6ca,2025-06-17 22:05:36,Uber CA,-45.67
752a5913-c593-4309-a8c1-44e24e83c1d6,2025-06-17 11:12:23,SQ* LOEWE NY,-1229.46
c66e763b-8bd6-481c-b731-7cc3e901d2da,2025-06-16 00:24:57,SQ* Netflix CA,-15.0
e020afbe-f660-4491-9f90-cf58022bdb9e,2025-06-14 21:50:43,PAYPAL *Starbucks,-5.15
6b8ac4ab-903b-4ae0-816a-ad3892b413fd,2025-06-14 20:15:03,TST* Amazon CA,-76.64
f1ef27fc-8969-4ca7-b599-d3e84b44725d,2025-06-14 17:02:38,AMZN MKTP US* Airbnb SAN FRANCISCO,-301.75
aeb62279-d61e-44d1-a90a-5fcafc8774fd,2025-06-14 01:17:07,DoorDash NY,-47.42
f86110ef-408d-479f-85b5-482304ed8133,2025-06-13 16:03:30,TST* Alo Yoga NY,-93.44
bc5bb83e-e040-4543-a106-f64b8a7d9c89,2025-06-12 18:05:26,SQ* Starbucks,-7.88
242d6f57-d6c7-4d2f-a80f-bf267a42446f,2025-06-11 13:49:36,TST* DoorDash NY,-20.21
883f9ac6-88e1-4355-b2ef-46a3024c6059,2025-06-11 01:40:09,TST* Starbucks,-6.47
640c0b12-2cf9-40dd-980a-d2c92badc482,2025-06-10 03:05:03,TST* Whole Foods,-60.24
cafc30d2-eb4b-4a75-be9c-6cff2142b6a0,2025-06-09 19:12:30,SQ* DoorDash NY,-26.63
d6d4ab3c-9005-4828-bb25-8522a7d71c2d,2025-06-09 15:00:33,AMZN MKTP US* DoorDash CA,-20.21
f76dd03e-e07f-4b63-b089-8e7d42177465,2025-06-09 14:09:49,TST* Netflix SAN FRANCISCO,-15.0
ba4fa67e-10bd-462c-b941-e5a67da7f0fe,2025-06-08 10:47:00,AMZN MKTP US* Netflix #12345,-15.0
aa194021-30cb-4bbc-99b8-2e1a5ba1446c,2025-06-07 07:19:10,SQ* Netflix SAN FRANCISCO,-15.0
ebf3d3b1-6067-4431-8d5c-7962060b817a,2025-06-07 07:12:30,TST* Alo Yoga NY,-98.89
363ee882-2fe3-429f-818e-be5688ba78df,2025-06-06 14:58:51,PAYPAL *Amazon NY,-98.89
94107d19-4b06-45ca-bfe2-0538d18300e8,2025-06-06 09:41:01,DoorDash #12345,-58.2
d90aa77a-df2e-472b-8952-021fe7399885,2025-06-05 23:24:26,AMZN MKTP US* LOEWE,-567.14
825af622-dabe-479f-a8e7-ab689f798a16,2025-06-05 05:49:33,TST* DoorDash,-55.35
47960f5b-7cb4-4b5a-b815-5b4c08243aee,2025-06-04 14:33:25,PAYPAL *Airbnb #12345,-766.69
fccdd805-6870-400a-ab29-516eeb4abb95,2025-06-04 07:48:22,SQ* DoorDash SAN FRANCISCO,-55.44
e69e1be5-f32e-467e-86b1-2f2ba885dc22,2025-06-02 23:16:30,Starbucks,-7.98
13746559-4aa0-4fe2-bd23-65ffa56047e8,2025-06-01 08:00:00,ACH ELECTRONIC CREDIT DIRECT DEP TECH CORP,10000.0
4cce2579-fc31-4e2c-8475-86b275f30957,2025-05-31 19:15:24,AMZN MKTP US* Alo Yoga #12345,-102.28
2a1a05ef-1184-408d-a86d-6f986161c141,2025-05-30 19:20:18,Starbucks NY,-9.47
81414d49-2991-4356-bc87-85401f7ca0f7,2025-05-30 15:43:51,AMZN MKTP US* Uber,-34.52
758fac37-1ca6-4a1a-bc85-a8459ad8caaf,2025-05-29 01:51:09,SQ* Whole Foods CA,-80.37
6130b05a-fb0d-4c2d-8e68-242ff3278418,2025-05-27 22:19:15,SQ* Whole Foods NY,-108.66
737c2c4b-c9aa-4847-875d-54970b1b0df3,2025-05-27 20:11:43,PAYPAL *Netflix CA,-15.0
5e535406-0a2f-41b5-b5d4-116308b4818a,2025-05-27 12:01:57,AMZN MKTP US* Netflix,-15.0
65b807d3-19b3-48ad-9304-ac77c15f4517,2025-05-27 11:27:12,PAYPAL *Alo Yoga NY,-83.55
efc314ed-0cf3-4355-92d9-17821a712a77,2025-05-27 03:36:39,SQ* Netflix SAN FRANCISCO,-15.0
dce70fd6-2aac-4fda-8cbf-7cf79bd8365e,2025-05-26 18:10:44,PAYPAL *Netflix SAN FRANCISCO,-15.0
acedaae5-4aa8-442a-9b39-084de9aa1432,2025-05-25 16:31:18,SQ* Whole Foods #12345,-149.06
e4b62e2f-c8a8-495f-97b8-f88390ec0292,2025-05-25 04:12:46,AMZN MKTP US* DoorDash CA,-58.86
fb3c63b5-396f-46db-824c-a3d1f442dfc9,2025-05-25 03:25:23,TST* Uber CA,-26.74
a1ddb232-fa93-412a-b42c-ac9e0e6474ce,2025-05-25 01:25:16,Amazon,-142.28
67a81339-ae32-47d1-bee2-dcb5a1c40c42,2025-05-24 22:26:00,Starbucks CA,-4.78
9718507a-a629-45ed-ae77-8fdefa26a9a7,2025-05-23 16:55:39,SQ* Alo Yoga CA,-60.74
a27bed79-3bfe-4b27-b90c-ead5510d49c5,2025-05-23 10:26:47,SQ* Netflix CA,-15.0
4c3c4af2-bf9a-4ce7-9766-3ce424933e80,2025-05-22 22:40:32,SQ* DoorDash CA,-49.13
a039f11c-63d6-4a86-b381-4696fbdbfb3a,2025-05-21 12:23:24,TST* Netflix NY,-15.0
066ace34-1236-4aa0-9ef8-c1ba25d81e9f,2025-05-21 06:05:55,TST* DoorDash,-33.04
2763e7ef-3c24-4df1-9d9a-884d63d138cb,2025-05-20 19:36:07,AMZN MKTP US* Airbnb NY,-1174.54
904e4512-4df7-4811-b8b4-1036c29ac151,2025-05-20 12:43:05,Netflix,-15.0
ebb3dd1f-5553-4d76-830e-70c448e016b1,2025-05-20 12:37:47,DoorDash #12345,-57.08
6110bbc8-4bc3-44a9-9809-0ca104bc198f,2025-05-19 12:32:51,AMZN MKTP US* Airbnb,-350.62
cdd0d320-9541-4d8f-9f58-bf0e96064ee9,2025-05-18 20:38:19,Airbnb CA,-367.67
f438b4fb-786c-4f90-84c2-58a0c2a6074c,2025-05-17 20:17:54,DoorDash SAN FRANCISCO,-38.78
ff425e1b-c882-49a7-97be-4da2a1cd4113,2025-05-16 15:11:03,AMZN MKTP US* Amazon CA,-176.46
59c25a0b-0aa8-4f0b-b7f0-04a3e391e4bd,2025-05-16 10:26:38,Netflix #12345,-15.0
30af0e9b-cc09-4129-bfaf-1345b2092cb4,2025-05-16 08:11:07,PAYPAL *LOEWE SAN FRANCISCO,-1438.0
b545b4b7-452a-4837-900b-9376087e77cc,2025-05-16 04:03:06,PAYPAL *LOEWE #12345,-582.41
20be3c0a-8c37-4c89-8858-068a592af327,2025-05-15 14:37:03,PAYPAL *LOEWE CA,-1136.53
ec6614ef-eb18-431b-8a0d-467ae4492c8d,2025-05-15 13:49:06,LOEWE SAN FRANCISCO,-927.66
57e44f27-0aa6-4eba-b13b-b2bdc409af13,2025-05-15 13:45:55,TST* Netflix #12345,-15.0
95722ca9-fa35-4669-b335-a9bd298a5ce5,2025-05-15 00:39:45,TST* DoorDash SAN FRANCISCO,-29.82
9506bbd4-ff68-4fcb-af56-70d5799f3ccc,2025-05-12 02:04:20,AMZN MKTP US* Starbucks #12345,-7.35
432a962a-54dd-4146-8911-92eac41c2071,2025-05-11 04:40:28,PAYPAL *Netflix,-15.0
92e5aae5-b59e-4fce-b6fb-1eed7e9ac3d4,2025-05-10 11:32:20,Alo Yoga,-79.64
23abb80d-007c-4c7f-babe-83dbafc18881,2025-05-08 12:38:38,Amazon #12345,-62.35
fc51a67c-4efd-40f8-b115-f453f87516c6,2025-05-08 00:09:17,AMZN MKTP US* Netflix CA,-15.0
80193b5c-f66a-4603-a946-da2d3194039e,2025-05-07 16:24:40,TST* Alo Yoga SAN FRANCISCO,-93.74
ec3a4255-7f9c-46d8-8d7b-6121ec18b670,2025-05-07 11:03:30,TST* Starbucks NY,-6.61
47fa717e-25a5-4967-a8c0-2f6ee7034510,2025-05-07 10:29:38,AMZN MKTP US* Whole Foods,-62.19
